{
    "rmse": 0.6850276428042416,
    "mae": 0.5361191635658539,
    "r2": 0.1994747958231633
}