{
    "rmse": 0.7666405974001493,
    "mae": 0.6309436253786979,
    "r2": 0.034507039157186004
}