{
    "rmse": 0.6526661991461893,
    "mae": 0.5059454200206163,
    "r2": 0.27332359393471317
}