{
    "rmse": 0.8470654551829145,
    "mae": 0.6912312155453902,
    "r2": 0.007545371051228433
}