{
    "rmse": 0.67045718769911,
    "mae": 0.5229026377569113,
    "r2": 0.23316678054414675
}