{
    "rmse": 0.6813209144917964,
    "mae": 0.5337453077027525,
    "r2": 0.2081147427383221
}